Area;Competencia;SerieOrigem;Codigo;Habilidade
Linguagens e suas Tecnologias;1;;EM13LGG101; Compreender e analisar processos de produção e circulação de discursos, nas diferentes linguagens, para fazer escolhas fundamentadas em função de interesses pessoais e coletivos.
Linguagens e suas Tecnologias;1;;EM13LGG102; Analisar visões de mundo, conflitos de interesse, preconceitos e ideologias presentes nos discursos veiculados nas diferentes mídias, ampliando suas possibilidades de explicação, interpretação e intervenção crítica da/na realidade.
Linguagens e suas Tecnologias;1;;EM13LGG103; Analisar o funcionamento das linguagens, para interpretar e produzir criticamente discursos em textos de diversas semioses (visuais, verbais, sonoras, gestuais).
Linguagens e suas Tecnologias;1;;EM13LGG104; Utilizar as diferentes linguagens, levando em conta seus funcionamentos, para a compreensão e produção de textos e discursos em diversos campos de atuação social.
Linguagens e suas Tecnologias;1;;EM13LGG105; Analisar e experimentar diversos processos de remidiação de produções multissemióticas, multimídia e transmídia, desenvolvendo diferentes modos de participação e intervenção social.
Linguagens e suas Tecnologias;2;;EM13LGG201; Utilizar as diversas linguagens (artísticas, corporais e verbais) em diferentes contextos, valorizando-as como fenômeno social, cultural, histórico, variável, heterogêneo e sensível aos contextos de uso.
Linguagens e suas Tecnologias;2;;EM13LGG202; Analisar interesses, relações de poder e perspectivas de mundo nos discursos das diversas práticas de linguagem (artísticas, corporais e verbais), compreendendo criticamente o modo como circulam, constituem-se e (re)produzem significação e ideologias.
Linguagens e suas Tecnologias;2;;EM13LGG203; Analisar os diálogos e os processos de disputa por legitimidade nas práticas de linguagem e em suas produções (artísticas, corporais e verbais).
Linguagens e suas Tecnologias;2;;EM13LGG204; Dialogar e produzir entendimento mútuo, nas diversas linguagens (artísticas, corporais e verbais), com vistas ao interesse comum pautado em princípios e valores de equidade assentados na democracia e nos Direitos Humanos.
Linguagens e suas Tecnologias;3;;EM13LGG301; Participar de processos de produção individual e colaborativa em diferentes linguagens (artísticas, corporais e verbais), levando em conta suas formas e seus funcionamentos, para produzir sentidos em diferentes contextos.
Linguagens e suas Tecnologias;3;;EM13LGG302; Posicionar-se criticamente diante de diversas visões de mundo presentes nos discursos em diferentes linguagens, levando em conta seus contextos de produção e de circulação.
Linguagens e suas Tecnologias;3;;EM13LGG303; Debater questões polêmicas de relevância social, analisando diferentes argumentos e opiniões, para formular, negociar e sustentar posições, frente à análise de perspectivas distintas.
Linguagens e suas Tecnologias;3;;EM13LGG304; Formular propostas, intervir e tomar decisões que levem em conta o bem comum e os Direitos Humanos, a consciência socioambiental e o consumo responsável em âmbito local, regional e global.
Linguagens e suas Tecnologias;3;;EM13LGG305; Mapear e criar, por meio de práticas de linguagem, possibilidades de atuação social, política, artística e cultural para enfrentar desafios contemporâneos, discutindo princípios e objetivos dessa atuação de maneira crítica, criativa, solidária e ética.
Linguagens e suas Tecnologias;4;;EM13LGG401; Analisar criticamente textos de modo a compreender e caracterizar as línguas como fenômeno (geo)político, histórico, social, cultural, variável, heterogêneo e sensível aos contextos de uso.
Linguagens e suas Tecnologias;4;;EM13LGG402; Empregar, nas interações sociais, a variedade e o estilo de língua adequados à situação comunicativa, ao(s) interlocutor(es) e ao gênero do discurso, respeitando os usos das línguas por esse(s) interlocutor(es) e sem preconceito linguístico.
Linguagens e suas Tecnologias;4;;EM13LGG403; Fazer uso do inglês como língua de comunicação global, levando em conta a multiplicidade e variedade de usos, usuários e funções dessa língua no mundo contemporâneo.
Linguagens e suas Tecnologias;5;;EM13LGG501; Selecionar e utilizar movimentos corporais de forma consciente e intencional para interagir socialmente em práticas corporais, de modo a estabelecer relações construtivas, empáticas, éticas e de respeito às diferenças.
Linguagens e suas Tecnologias;5;;EM13LGG502; Analisar criticamente preconceitos, estereótipos e relações de poder presentes nas práticas corporais, adotando posicionamento contrário a qualquer manifestação de injustiça e desrespeito a direitos humanos e valores democráticos.
Linguagens e suas Tecnologias;5;;EM13LGG503; Vivenciar práticas corporais e significá-las em seu projeto de vida, como forma de autoconhecimento, autocuidado com o corpo e com a saúde, socialização e entretenimento.
Linguagens e suas Tecnologias;6;;EM13LGG601; Apropriar-se do patrimônio artístico de diferentes tempos e lugares, compreendendo a sua diversidade, bem como os processos de legitimação das manifestações artísticas na sociedade, desenvolvendo visão crítica e histórica.
Linguagens e suas Tecnologias;6;;EM13LGG602; Fruir e apreciar esteticamente diversas manifestações artísticas e culturais, das locais às mundiais, assim como delas participar, de modo a aguçar continuamente a sensibilidade, a imaginação e a criatividade.
Linguagens e suas Tecnologias;6;;EM13LGG603; Expressar-se e atuar em processos de criação autorais individuais e coletivos nas diferentes linguagens artísticas (artes visuais, audiovisual, dança, música e teatro) e nas intersecções entre elas, recorrendo a referências estéticas e culturais, conhecimentos de naturezas diversas (artísticos, históricos, sociais e políticos) e experiências individuais e coletivas.
Linguagens e suas Tecnologias;6;;EM13LGG604; Relacionar as práticas artísticas às diferentes dimensões da vida social, cultural, política e econômica e identificar o processo de construção histórica dessas práticas.
Linguagens e suas Tecnologias;7;;EM13LGG701; Explorar tecnologias digitais da informação e comunicação (TDIC), compreendendo seus princípios e funcionalidades, e utilizá-las de modo ético, criativo, responsável e adequado a práticas de linguagem em diferentes contextos.
Linguagens e suas Tecnologias;7;;EM13LGG702; Avaliar o impacto das tecnologias digitais da informação e comunicação (TDIC) na formação do sujeito e em suas práticas sociais, para fazer uso crítico dessa mídia em práticas de seleção, compreensão e produção de discursos em ambiente digital.
Linguagens e suas Tecnologias;7;;EM13LGG703; Utilizar diferentes linguagens, mídias e ferramentas digitais em processos de produção coletiva, colaborativa e projetos autorais em ambientes digitais.
Linguagens e suas Tecnologias;7;;EM13LGG704; Apropriar-se criticamente de processos de pesquisa e busca de informação, por meio de ferramentas e dos novos formatos de produção e distribuição do conhecimento na cultura de rede.
Matemática e suas Tecnologias;1;;EM13MAT101;Interpretar criticamente situações econômicas, sociais e fatos relativos às ciências da natureza que envolvam variação de grandezas, pela análise dos gráficos das funções representadas e das taxas de variação, com ou sem apoio de tecnologias digitais.
Matemática e suas Tecnologias;1;;EM13MAT102;Analisar tabelas, gráficos e amostras de pesquisas estatísticas apresentadas em relatórios divulgados por diferentes meios de comunicação, identificando, quando for o caso, inadequações que possam induzir a erros de interpretação, como escalas e amostras não apropriadas.
Matemática e suas Tecnologias;1;;EM13MAT103;Interpretar e compreender textos científicos, ou divulgados pelas mídias, que empregam unidades de medida de diferentes grandezas e as conversões possíveis entre elas, adotadas ou não pelo Sistema Internacional (SI), como as de armazenamento e velocidade de transferência de dados, ligadas aos avanços tecnológicos.
Matemática e suas Tecnologias;1;;EM13MAT104;Interpretar taxas e índices de natureza socioeconômica (índice de desenvolvimento humano, taxas de inflação, entre outros), investigando os processos de cálculo desses números, para analisar criticamente a realidade e produzir argumentos.
Matemática e suas Tecnologias;1;;EM13MAT105;Utilizar as noções de transformações isométricas (translação, reflexão, rotação e composições destas) e transformações homotéticas para construir figuras e analisar elementos da natureza e diferentes produções humanas (fractais, construções civis, obras de arte, entre outras).
Matemática e suas Tecnologias;1;;EM13MAT106;Identificar situações da vida cotidiana nas quais seja necessário fazer escolhas levando-se em conta os riscos probabilísticos (usar este ou aquele método contraceptivo, optar por um tratamento médico em detrimento de outro, etc.).
Matemática e suas Tecnologias;2;;EM13MAT201;Propor ações adequadas às demandas da região, ou delas participar, preferencialmente para sua comunidade, envolvendo medições e cálculos de perímetro, de área, de volume, de capacidade ou de massa.
Matemática e suas Tecnologias;2;;EM13MAT202;Planejar e executar pesquisa amostral sobre questões relevantes, usando dados coletados diretamente ou em diferentes fontes, e comunicar os resultados por meio de relatório contendo gráficos e interpretação das medidas de tendência central e das medidas de dispersão (amplitude e desvio padrão), utilizando ou não recursos tecnológicos.
Matemática e suas Tecnologias;2;;EM13MAT203;Aplicar conceitos matemáticos no planejamento, na execução e na análise de ações envolvendo a utilização de aplicativos e a criação de planilhas (para controle de orçamento familiar, simuladores de cálculos de juros simples e compostos, entre outros), para tomar decisões.
Matemática e suas Tecnologias;3;;EM13MAT301;Resolver e elaborar problemas do cotidiano, da matemática e de outras áreas do conhecimento, que envolvam equações lineares simultâneas, usando técnicas algébricas e gráficas, com ou sem apoio de tecnologias digitais.
Matemática e suas Tecnologias;3;;EM13MAT302;Construir modelos empregando as funções polinomiais de 1o ou 2o grau, para resolver problemas em contextos diversos, com ou sem apoio de tecnologias digitais.
Matemática e suas Tecnologias;3;;EM13MAT303;Interpretar e comparar situações que envolvam juros simples com as que envolvam juros compostos, por meio de representações gráficas ou análise de planilhas, destacando o crescimento linear ou exponencial de cada caso.
Matemática e suas Tecnologias;3;;EM13MAT304;Resolver e elaborar problemas com funções exponenciais e logarítmicas nos quais seja necessário compreender e interpretar a variação das grandezas envolvidas, em contextos como os de matemática financeira, abalos sísmicos, pH, radioatividade, entre outros.
Matemática e suas Tecnologias;3;;EM13MAT306;Resolver e elaborar problemas em contextos que envolvem fenômenos periódicos reais (ondas sonoras, fases da lua, movimentos cíclicos, entre outros) e comparar suas representações com as funções seno e cosseno, no plano cartesiano, com ou sem apoio de aplicativos de álgebra e geometria.
Matemática e suas Tecnologias;3;;EM13MAT307;Empregar diferentes métodos para a obtenção da medida da área de uma superfície (reconfigurações, aproximação por cortes, etc.) e deduzir expressões de cálculo para aplicá-las em situações reais (como o remanejamento e a distribuição de plantações, entre outros), com ou sem apoio de tecnologias digitais.
Matemática e suas Tecnologias;3;;EM13MAT308;Aplicar as relações métricas e trigonométricas nos triângulos retângulos e quaisquer, incluindo as leis do seno e do cosseno ou as noções de congruência e semelhança, conceito de área e perímetro para resolver e elaborar problemas que envolvem triângulos, em variados contextos.
Matemática e suas Tecnologias;3;;EM13MAT309;Resolver e elaborar problemas que envolvem o cálculo de áreas totais e de volumes de prismas, pirâmides e corpos redondos em situações reais (como o cálculo do gasto de material para revestimento ou pinturas de objetos cujos formatos sejam composições dos sólidos estudados), com ou sem apoio de tecnologias digitais.
Matemática e suas Tecnologias;3;;EM13MAT310;Resolver e elaborar problemas de contagem envolvendo agrupamentos, ordenáveis ou não, de elementos, por meio do princípio multiplicativo e do aditivo, recorrendo a estratégias diversas, como o diagrama de árvore.
Matemática e suas Tecnologias;3;;EM13MAT311;Identificar e descrever o espaço amostral de eventos aleatórios, realizando contagem das possibilidades, para resolver e elaborar problemas que envolvem o cálculo da probabilidade de eventos em experimentos aleatórios sucessivos.
Matemática e suas Tecnologias;3;;EM13MAT312;Resolver e elaborar problemas que envolvem o cálculo de probabilidade de eventos em experimentos aleatórios sucessivos.
Matemática e suas Tecnologias;3;;EM13MAT313;Utilizar, quando necessário, a notação científica para expressar uma medida, compreendendo as noções de algarismos significativos e de algarismos duvidosos, reconhecendo que toda medida é inevitavelmente acompanhada de erro.
Matemática e suas Tecnologias;3;;EM13MAT314;Resolver e elaborar problemas que envolvem grandezas determinadas pela razão ou pelo produto de outras (velocidade, densidade demográfica, energia elétrica, etc.).
Matemática e suas Tecnologias;3;;EM13MAT315;Investigar e registrar, por meio de um fluxograma, quando possível, um algoritmo que resolve um problema.
Matemática e suas Tecnologias;3;;EM13MAT316;Resolver e elaborar problemas, em diferentes contextos, que envolvam cálculo e interpretação das medidas de tendência central (média, moda, mediana) e das medidas de dispersão (amplitude, variância e desvio padrão).
Matemática e suas Tecnologias;4;;EM13MAT401;Converter representações algébricas de funções polinomiais de 1o grau em representações geométricas no plano cartesiano, distinguindo os casos nos quais o comportamento é proporcional, recorrendo ou não a softwares ou a aplicativos de álgebra e geometria dinâmica.
Matemática e suas Tecnologias;4;;EM13MAT402;Converter representações algébricas de funções polinomiais de 2o grau em representações geométricas no plano cartesiano, distinguindo os casos nos quais uma variável seja diretamente proporcional ao quadrado da outra, recorrendo ou não a softwares ou a aplicativos de álgebra e geometria dinâmica, dentre outros materiais.
Matemática e suas Tecnologias;4;;EM13MAT403;Analisar e estabelecer relações, com ou sem apoio de tecnologias digitais, entre as representações de funções exponenciais e logarítmicas expressas em tabelas e em plano cartesiano, para identificar as características fundamentais (domínio, imagem, crescimento) de cada função.
Matemática e suas Tecnologias;4;;EM13MAT404;Analisar funções definidas por uma ou mais sentenças (tabela do imposto de renda, contas de luz, água, gás, etc.), em suas representações algébricas e gráficas, identificando domínios de validade, imagem, crescimento e decrescimento, convertendo essas representações de uma para outra, com ou sem apoio de tecnologias digitais.
Matemática e suas Tecnologias;4;;EM13MAT405;Utilizar conceitos iniciais de uma linguagem de programação (softwares como: o Scratch, TurtleGrafic, planilhas eletrônicas, robótica, entre outros) na implementação de algoritmos escritos em linguagem corrente e/ou matemática.
Matemática e suas Tecnologias;4;;EM13MAT406;Construir e interpretar tabelas e gráficos de frequências com base em dados obtidos em pesquisas por amostras estatísticas, incluindo ou não o uso de softwares que inter-relacionem estatística, geometria e álgebra.
Matemática e suas Tecnologias;4;;EM13MAT407;Interpretar e comparar conjuntos de dados estatísticos por meio de diferentes diagramas e gráficos (histograma, de caixa (boxplot), de ramos e folhas, entre outros), reconhecendo os mais eficientes para sua análise.
Matemática e suas Tecnologias;5;;EM13MAT501;Investigar relações entre números expressos em tabelas para representá-los no plano cartesiano, identificando padrões e criando conjecturas para generalizar e expressar algebricamente essa generalização, reconhecendo quando essa representação é de função polinomial de 1o grau.
Matemática e suas Tecnologias;5;;EM13MAT502;Investigar relações entre números expressos em tabelas para representá-los no plano cartesiano, identificando padrões e criando conjecturas para generalizar e expressar algebricamente essa generalização, reconhecendo quando essa representação é de função polinomial de 2o grau do tipo y = ax2.
Matemática e suas Tecnologias;5;;EM13MAT503;Investigar pontos de máximo ou de mínimo de funções quadráticas em contextos que envolvem superfícies, matemática financeira ou cinemática, entre outros, com apoio de tecnologias digitais.
Matemática e suas Tecnologias;5;;EM13MAT504;Investigar processos de obtenção da medida do volume de prismas, pirâmides, cilindros e cones, incluindo o princípio de Cavalieri, para a obtenção das fórmulas de cálculo da medida do volume dessas figuras.
Matemática e suas Tecnologias;5;;EM13MAT505;Resolver problemas sobre ladrilhamento do plano, com ou sem apoio de aplicativos de geometria dinâmica, para conjecturar a respeito dos tipos ou composição de polígonos que podem ser utilizados em ladrilhamento, generalizando padrões observados.
Matemática e suas Tecnologias;5;;EM13MAT506;Representar graficamente a variação da área e do perímetro de um polígono regular quando os comprimentos de seus lados variam, analisando e classificando as funções envolvidas.
Matemática e suas Tecnologias;5;;EM13MAT507;Identificar e associar progressões aritméticas (PA) a funções afins de domínios discretos, para análise de propriedades, dedução de algumas fórmulas e resolução de problemas.
Matemática e suas Tecnologias;5;;EM13MAT508;Identificar e associar progressões geométricas (PG) a funções exponenciais de domínios discretos, para análise de propriedades, dedução de algumas fórmulas e resolução de problemas.
Matemática e suas Tecnologias;5;;EM13MAT509;Investigar a deformação de ângulos e áreas provocada pelas diferentes projeções usadas em cartografia (como a cilíndrica e a cônica), com ou sem suporte de tecnologia digital.
Matemática e suas Tecnologias;5;;EM13MAT510;Investigar conjuntos de dados relativos ao comportamento de duas variáveis numéricas, usando ou não tecnologias da informação, e, quando apropriado, levar em conta a variação e utilizar uma reta para descrever a relação observada
Matemática e suas Tecnologias;5;;EM13MAT511;Reconhecer a existência de diferentes tipos de espaços amostrais, discretos ou não, e de eventos, equiprováveis ou não, e investigar implicações no cálculo de probabilidades.
Ciências da Natureza e suas Tecnologias;1;;EM13CNT101;Analisar e representar, com ou sem o uso de dispositivos e de aplicativos digitais específicos, as transformações e conservações em sistemas que envolvam quantidade de matéria, de energia e de movimento para realizar previsões sobre seus comportamentos em situações cotidianas e em processos produtivos que priorizem o desenvolvimento sustentável, o uso consciente dos recursos naturais e a preservação da vida em todas as suas formas.
Ciências da Natureza e suas Tecnologias;1;;EM13CNT102;Realizar previsões, avaliar intervenções e/ou construir protótipos de sistemas térmicos que visem à sustentabilidade, considerando sua composição e os efeitos das variáveis termodinâmicas sobre seu funcionamento, considerando também o uso de tecnologias digitais que auxiliem no cálculo de estimativas e no apoio à construção dos protótipos.
Ciências da Natureza e suas Tecnologias;1;;EM13CNT103;Utilizar o conhecimento sobre as radiações e suas origens para avaliar as potencialidades e os riscos de sua aplicação em equipamentos de uso cotidiano, na saúde, no ambiente, na indústria, na agricultura e na geração de energia elétrica.
Ciências da Natureza e suas Tecnologias;1;;EM13CNT104;Avaliar os benefícios e os riscos à saúde e ao ambiente, considerando a composição, a toxicidade e a reatividade de diferentes materiais e produtos, como também o nível de exposição a eles, posicionando-se criticamente e propondo soluções individuais e/ou coletivas para seus usos e descartes responsáveis.
Ciências da Natureza e suas Tecnologias;1;;EM13CNT105;Analisar os ciclos biogeoquímicos e interpretar os efeitos de fenômenos naturais e da interferência humana sobre esses ciclos, para promover ações individuais e/ou coletivas que minimizem consequências nocivas à vida.
Ciências da Natureza e suas Tecnologias;1;;EM13CNT106;Avaliar, com ou sem o uso de dispositivos e aplicativos digitais, tecnologias e possíveis soluções para as demandas que envolvam a geração, o transporte, a distribuição e o consumo de energia elétrica, considerando a disponibilidade de recursos, a eficiência energética, a relação custo/benefício, as características geográficas e ambientais, a produção de resíduos e os impactos socioambientais e culturais.
Ciências da Natureza e suas Tecnologias;1;;EM13CNT107;Realizar previsões qualitativas e quantitativas sobre o funcionamento de geradores, motores elétricos e seus componentes, bobinas, transformadores, pilhas, baterias e dispositivos eletrônicos, com base na análise dos processos de transformação e condução de energia envolvidos – com ou sem o uso de dispositivos e aplicativos digitais -, para propor ações que visem à sustentabilidade.
Ciências da Natureza e suas Tecnologias;2;;EM13CNT201;Analisar e discutir modelos, teorias e leis propostos em diferentes épocas e culturas para comparar distintas explicações sobre o surgimento e a evolução da Vida, da Terra e do Universo com as teorias científicas aceitas atualmente.
Ciências da Natureza e suas Tecnologias;2;;EM13CNT202;Analisar as diversas formas de manifestação da vida em seus diferentes níveis de organização, bem como as condições ambientais favoráveis e os fatores que as limitam com ou sem o uso de dispositivos e aplicativos digitais (como softwares de simulação e de realidade virtual, entre outros).
Ciências da Natureza e suas Tecnologias;2;;EM13CNT203;Avaliar e prever efeitos de intervenções nos ecossistemas, e seus impactos nos seres vivos e no corpo humano, com base nos mecanismos de manutenção da vida, nos ciclos da matéria e nas transformações e transferências de energia, utilizando representações e simulações sobre tais fatores, com ou sem o uso de dispositivos e aplicativos digitais (como softwares de simulação e de realidade virtual, entre outros).
Ciências da Natureza e suas Tecnologias;2;;EM13CNT204;Elaborar explicações, previsões e cálculos a respeito dos movimentos de objetos na Terra, no Sistema Solar e no universo, com base na análise das interações gravitacionais, com ou sem o uso de dispositivos e aplicativos digitais (como softwares de simulação e de realidade virtual, entre outros).
Ciências da Natureza e suas Tecnologias;2;;EM13CNT205;Interpretar resultados e realizar previsões sobre atividades experimentais, fenômenos naturais e processos tecnológicos, com base nas noções de probabilidade e incerteza, reconhecendo os limites explicativos das ciências.
Ciências da Natureza e suas Tecnologias;2;;EM13CNT206;Discutir a importância da preservação e conservação da biodiversidade, considerando parâmetros qualitativos e quantitativos, e avaliar os efeitos da ação humana e das políticas ambientais para a garantia da sustentabilidade do Planeta.
Ciências da Natureza e suas Tecnologias;2;;EM13CNT207;Identificar, analisar e discutir vulnerabilidades vinculadas às vivências e aos desafios contemporâneos aos quais as juventudes estão expostas, considerando os aspectos físicos, psicoemocionais e sociais, a fim de desenvolver e divulgar ações de prevenção e de promoção da saúde e do bem-estar.
Ciências da Natureza e suas Tecnologias;2;;EM13CNT208;Aplicar os princípios da evolução biológica para analisar a história humana, considerando sua origem, diversificação, dispersão pelo planeta, e diferentes formas de interação com a natureza, valorizando e respeitando a diversidade étnica e cultural humana.
Ciências da Natureza e suas Tecnologias;2;;EM13CNT209;Analisar a evolução estelar, associando-a aos modelos de origem e distribuição dos elementos químicos no universo, compreendendo suas relações com as condições necessárias ao surgimento de sistemas solares e planetários, suas estruturas e composições e as possibilidades de existência de vida, utilizando representações e simulações, com ou sem o uso de dispositivos e aplicativos digitais (como softwares de simulação e de realidade virtual, entre outros).
Ciências da Natureza e suas Tecnologias;3;;EM13CNT301;Construir questões, elaborar hipóteses, previsões e estimativas, empregar instrumentos de medição e representar e interpretar modelos explicativos, dados e/ou resultados experimentais, para construir, avaliar e justificar conclusões no enfrentamento de situações-problema sob uma perspectiva científica.
Ciências da Natureza e suas Tecnologias;3;;EM13CNT302;Comunicar, a públicos variados, em diversos contextos, resultados de análises, pesquisas e/ou experimentos, elaborando e/ou interpretando textos, gráficos, tabelas, símbolos, códigos, sistemas de classificação e equações, por meio de diferentes línguagens, mídias, tecnologias digitais de informação e comunicação (TDIC), de modo a participar de debates em torno de temas científicos e/ou tecnológicos de relevância sociocultural e ambiental, e/ou promovê-los.
Ciências da Natureza e suas Tecnologias;3;;EM13CNT303;Interpretar textos de divulgação científica que tratem de temáticas das ciências da Natureza, disponíveis em diferentes mídias, considerando a apresentação dos dados, tanto na forma de texto como em equações, gráficos e/ou tabelas, a consistência dos argumentos e a coerência das conclusões, visando a construir estratégias de seleção de fontes confiáveis de informações.
Ciências da Natureza e suas Tecnologias;3;;EM13CNT304;Analisar e debater situações controversas sobre a aplicação de conhecimentos da área de Ciências da Natureza (tais como tecnologias do DNA, tratamentos com células-tronco, neurotecnologias, produção de tecnologias de defesa, estratégias de controle de pragas, entre outros), com base em argumentos consistentes, legais, éticos e responsáveis, distinguindo diferentes pontos de vista.
Ciências da Natureza e suas Tecnologias;3;;EM13CNT305;Investigar e discutir o uso indevido de conhecimentos das Ciências da Natureza na justificativa de processos de discriminação, segregação e privação de direitos individuais e coletivos, em diferentes contextos sociais e históricos, para promover a equidadee o respeito à diversidade.
Ciências da Natureza e suas Tecnologias;3;;EM13CNT306;Avaliar os riscos envolvidos em atividades cotidianas, aplicando conhecimentos das Ciências da Natureza, para justificar o uso de equipamentos e recursos, bem como comportamentos de segurança, visando à integridade física, individual, coletiva e socioambiental, podendo fazer uso de dispositivos e aplicativos digitais que viabilizem a estruturação de simulações de tais riscos.
Ciências da Natureza e suas Tecnologias;3;;EM13CNT307;Analisar as propriedades dos materiais para avaliar a adequação de seu uso em diferentes aplicações (industriais, cotidianas, arquitetônicas ou tecnológicas) e/ou propor soluções seguras e sustentáveis, considerando seu contexto local e cotidiano.
Ciências da Natureza e suas Tecnologias;3;;EM13CNT308;Investigar e analisar o funcionamento de equipamentos elétricos e/ou eletrônicos e os sistemas de automação para compreender as tecnologias contemporâneas e avaliar seus impactos sociais, culturais e ambientais.
Ciências da Natureza e suas Tecnologias;3;;EM13CNT309;Analisar questões socioambientais, políticas e econômicas relativas à dependência do mundo atual em relação aos recursos não renováveis e discutir a necessidade de introdução de alternativas e novas tecnologias energéticas e de materiais, comparando diferentes tipos de motores e processos de produção de novos materiais.
Ciências da Natureza e suas Tecnologias;3;;EM13CNT310;Investigar e analisar os efeitos de programas de infraestrutura e demais serviços básicos (saneamento, energia elétrica, transporte, telecomunicações, cobertura vacinal, atendimento primário à saúde e produção de alimentos, entre outros) e identificar necessidades locais e/ou regionais em relação a esses serviços, a fim de avaliar e/ou promover ações que contribuam para a melhoria na qualidade de vida e nas condições de saúde da população.
Ciências Humanas e Sociais Aplicadas;1;;EM13CHS101;Identificar, analisar e comparar diferentes fontes e narrativas expressas em diversas linguagens, com vistas à compreensão de ideias filosóficas e de processos e eventos históricos, geográficos, políticos, econômicos, sociais, ambientais e culturais.
Ciências Humanas e Sociais Aplicadas;1;;EM13CHS102;Identificar, analisar e discutir as circunstâncias históricas, geográficas, políticas, econômicas, sociais, ambientais e culturais de matrizes conceituais (etnocentrismo, racismo, evolução, modernidade, cooperativismo/desenvolvimento etc.), avaliando criticamente seu significado histórico e comparando-as a narrativas que contemplem outros agentes e discursos.
Ciências Humanas e Sociais Aplicadas;1;;EM13CHS103;Elaborar hipóteses, selecionar evidências e compor argumentos relativos a processos políticos, econômicos, sociais, ambientais, culturais e epistemológicos, com base na sistematização de dados e informações de diversas naturezas (expressões artísticas, textos filosóficos e sociológicos, documentos históricos e geográficos, gráficos, mapas, tabelas, tradições orais, entre outros).
Ciências Humanas e Sociais Aplicadas;1;;EM13CHS104;Analisar objetos e vestígios da cultura material e imaterial de modo a identificar conhecimentos, valores, crenças e práticas que caracterizam a identidade e a diversidade cultural de diferentes sociedades inseridas no tempo e no espaço.
Ciências Humanas e Sociais Aplicadas;1;;EM13CHS105;Identificar, contextualizar e criticar tipologias evolutivas (populações nômades e sedentárias, entre outras) e oposições dicotômicas (cidade/campo, cultura/natureza, civilizados/bárbaros, razão/emoção, material/virtual etc.), explicitando suas ambiguidades.
Ciências Humanas e Sociais Aplicadas;1;;EM13CHS106;Utilizar as linguagens cartográfica, gráfica e iconográfica, diferentes gêneros textuais e tecnologias digitais de informação e comunicação de forma crítica, significativa, reflexiva e ética nas diversas práticas sociais, incluindo as escolares, para se comunicar, acessar e difundir informações, produzir conhecimentos, resolver problemas e exercer protagonismo e autoria na vida pessoal e coletiva.
Ciências Humanas e Sociais Aplicadas;2;;EM13CHS201;Analisar e caracterizar as dinâmicas das populações, das mercadorias e do capital nos diversos continentes, com destaque para a mobilidade e a fixação de pessoas, grupos humanos e povos, em função de eventos naturais, políticos, econômicos, sociais, religiosos e culturais, de modo a compreender e posicionar-se criticamente em relação a esses processos e às possíveis relações entre eles.
Ciências Humanas e Sociais Aplicadas;2;;EM13CHS202;Analisar e avaliar os impactos das tecnologias na estruturação e nas dinâmicas de grupos, povos e sociedades contemporâneos (fluxos populacionais, financeiros, de mercadorias, de informações, de valores éticos e culturais etc.), bem como suas interferências nas decisões políticas, sociais, ambientais, econômicas e culturais.
Ciências Humanas e Sociais Aplicadas;2;;EM13CHS203;Comparar os significados de território, fronteiras e vazio (espacial, temporal e cultural) em diferentes sociedades, contextualizando e relativizando visões dualistas (civilização/barbárie, nomadismo/sedentarismo, esclarecimento/obscurantismo, cidade/campo, entre outras).
Ciências Humanas e Sociais Aplicadas;2;;EM13CHS204;Comparar e avaliar os processos de ocupação do espaço e a formação de territórios, territorialidades e fronteiras, identificando o papel de diferentes agentes (como grupos sociais e culturais, impérios, Estados Nacionais e organismos internacionais) e considerando os conflitos populacionais (internos e externos), a diversidade étnico-cultural e as características socioeconômicas, políticas e tecnológicas.
Ciências Humanas e Sociais Aplicadas;2;;EM13CHS205;Analisar a produção de diferentes territorialidades em suas dimensões culturais, econômicas, ambientais, políticas e sociais, no Brasil e no mundo contemporâneo, com destaque para as culturas juvenis.
Ciências Humanas e Sociais Aplicadas;2;;EM13CHS206;Analisar a ocupação humana e a produção do espaço em diferentes tempos, aplicando os princípios de localização, distribuição, ordem, extensão, conexão, arranjos, casualidade, entre outros que contribuem para o raciocínio geográfico.
Ciências Humanas e Sociais Aplicadas;3;;EM13CHS301;Problematizar hábitos e práticas individuais e coletivos de produção, reaproveitamento e descarte de resíduos em metrópoles, áreas urbanas e rurais, e comunidades com diferentes características socioeconômicas, e elaborar e/ou selecionar propostas de ação que promovam a sustentabilidade socioambiental, o combate à poluição sistêmica e o consumo responsável.
Ciências Humanas e Sociais Aplicadas;3;;EM13CHS302;Analisar e avaliar criticamente os impactos econômicos e socioambientais de cadeias produtivas ligadas à exploração de recursos naturais e às atividades agropecuárias em diferentes ambientes e escalas de análise, considerando o modo de vida das populações locais – entre elas as indígenas, quilombolas e demais comunidades tradicionais –, suas práticas agroextrativistas e o compromisso com a sustentabilidade.
Ciências Humanas e Sociais Aplicadas;3;;EM13CHS303;Debater e avaliar o papel da indústria cultural e das culturas de massa no estímulo ao consumismo, seus impactos econômicos e socioambientais, com vistas à percepção crítica das necessidades criadas pelo consumo e à adoção de hábitos sustentáveis.
Ciências Humanas e Sociais Aplicadas;3;;EM13CHS304;Analisar os impactos socioambientais decorrentes de práticas de instituições governamentais, de empresas e de indivíduos, discutindo as origens dessas práticas, selecionando, incorporando e promovendo aquelas que favoreçam a consciência e a ética socioambiental e o consumo responsável.
Ciências Humanas e Sociais Aplicadas;3;;EM13CHS305;Analisar e discutir o papel e as competências legais dos organismos nacionais e internacionais de regulação, controle e fiscalização ambiental e dos acordos internacionais para a promoção e a garantia de práticas ambientais sustentáveis.
Ciências Humanas e Sociais Aplicadas;3;;EM13CHS306;Contextualizar, comparar e avaliar os impactos de diferentes modelos socioeconômicos no uso dos recursos naturais e na promoção da sustentabilidade econômica e socioambiental do planeta (como a adoção dos sistemas da agrobiodiversidade e agroflorestal por diferentes comunidades, entre outros).
Ciências Humanas e Sociais Aplicadas;4;;EM13CHS401;Identificar e analisar as relações entre sujeitos, grupos, classes sociais e sociedades com culturas distintas diante das transformações técnicas, tecnológicas e informacionais e das novas formas de trabalho ao longo do tempo, em diferentes espaços (urbanos e rurais) e contextos.
Ciências Humanas e Sociais Aplicadas;4;;EM13CHS402;Analisar e comparar indicadores de emprego, trabalho e renda em diferentes espaços, escalas e tempos, associando-os a processos de estratificação e desigualdade socioeconômica.
Ciências Humanas e Sociais Aplicadas;4;;EM13CHS403;Caracterizar e analisar os impactos das transformações tecnológicas nas relações sociais e de trabalho próprias da contemporaneidade, promovendo ações voltadas à superação das desigualdades sociais, da opressão e da violação dos Direitos Humanos.
Ciências Humanas e Sociais Aplicadas;4;;EM13CHS404;Identificar e discutir os múltiplos aspectos do trabalho em diferentes circunstâncias e contextos históricos e/ou geográficos e seus efeitos sobre as gerações, em especial, os jovens, levando em consideração, na atualidade, as transformações técnicas, tecnológicas e informacionais.
Ciências Humanas e Sociais Aplicadas;5;;EM13CHS501;Analisar os fundamentos da ética em diferentes culturas, tempos e espaços, identificando processos que contribuem para a formação de sujeitos éticos que valorizem a liberdade, a cooperação, a autonomia, o empreendedorismo, a convivência democrática e a solidariedade.
Ciências Humanas e Sociais Aplicadas;5;;EM13CHS502;Analisar situações da vida cotidiana, estilos de vida, valores, condutas etc., desnaturalizando e problematizando formas de desigualdade, preconceito, intolerância e discriminação, e identificar ações que promovam os Direitos Humanos, a solidariedade e o respeito às diferenças e às liberdades individuais.
Ciências Humanas e Sociais Aplicadas;5;;EM13CHS503;Identificar diversas formas de violência (física, simbólica, psicológica etc.), suas principais vítimas, suas causas sociais, psicológicas e afetivas, seus significados e usos políticos, sociais e culturais, discutindo e avaliando mecanismos para combatê-las, com base em argumentos éticos.
Ciências Humanas e Sociais Aplicadas;5;;EM13CHS504;Analisar e avaliar os impasses ético-políticos decorrentes das transformações culturais, sociais, históricas, científicas e tecnológicas no mundo contemporâneo e seus desdobramentos nas atitudes e nos valores de indivíduos, grupos sociais, sociedades e culturas.
Ciências Humanas e Sociais Aplicadas;6;;EM13CHS601;Identificar e analisar as demandas e os protagonismos políticos, sociais e culturais dos povos indígenas e das populações afrodescendentes (incluindo as quilombolas) no Brasil contemporâneo considerando a história das Américas e o contexto de exclusão e inclusão precária desses grupos na ordem social e econômica atual, promovendo ações para a redução das desigualdades étnico-raciais no país.
Ciências Humanas e Sociais Aplicadas;6;;EM13CHS602;Identificar e caracterizar a presença do paternalismo, do autoritarismo e do populismo na política, na sociedade e nas culturas brasileira e latino-americana, em períodos ditatoriais e democráticos, relacionando-os com as formas de organização e de articulação das sociedades em defesa da autonomia, da liberdade, do diálogo e da promoção da democracia, da cidadania e dos direitos humanos na sociedade atual.
Ciências Humanas e Sociais Aplicadas;6;;EM13CHS603;Analisar a formação de diferentes países, povos e nações e de suas experiências políticas e de exercício da cidadania, aplicando conceitos políticos básicos (Estado, poder, formas, sistemas e regimes de governo, soberania etc.).
Ciências Humanas e Sociais Aplicadas;6;;EM13CHS604;Discutir o papel dos organismos internacionais no contexto mundial, com vistas à elaboração de uma visão crítica sobre seus limites e suas formas de atuação nos países, considerando os aspectos positivos e negativos dessa atuação para as populações locais.
Ciências Humanas e Sociais Aplicadas;6;;EM13CHS605;Analisar os princípios da declaração dos Direitos Humanos, recorrendo às noções de justiça, igualdade e fraternidade, identificar os progressos e entraves à concretização desses direitos nas diversas sociedades contemporâneas e promover ações concretas diante da desigualdade e das violações desses direitos em diferentes espaços de vivência, respeitando a identidade de cada grupo e de cada indivíduo.
Ciências Humanas e Sociais Aplicadas;6;;EM13CHS606;Analisar as características socioeconômicas da sociedade brasileira – com base na análise de documentos (dados, tabelas, mapas etc.) de diferentes fontes – e propor medidas para enfrentar os problemas identificados e construir uma sociedade mais próspera, justa e inclusiva, que valorize o protagonismo de seus cidadãos e promova o autoconhecimento, a autoestima, a autoconfiança e a empatia.
