Etapa;Serie;Codigo;Habilidade
Ensino Fundamental - Anos Finais;6º Ano;EF06CO01;Classificar informações, agrupando-as em coleções (conjuntos) e associando cada coleção a um ‘tipo de dados’
Ensino Fundamental - Anos Finais;6º Ano;EF06CO02;Elaborar algoritmos que envolvam instruções sequenciais, de repetição e de seleção usando uma linguagem de programação.
Ensino Fundamental - Anos Finais;6º Ano;EF06CO03;Descrever com precisão a solução de um problema, construindo o programa que implementa a solução descrita.
Ensino Fundamental - Anos Finais;6º Ano;EF06CO04;Construir soluções de problemas usando a técnica de decomposição e automatizar tais soluções usando uma linguagem de programação.
Ensino Fundamental - Anos Finais;6º Ano;EF06CO05;Identificar os recursos ou insumos necessários (entradas) para a resolução de problemas, bem como os resultados esperados (saídas), determinando os respectivos tipos de dados, e estabelecendo a definição de problema como uma relação entre entrada e saída.
Ensino Fundamental - Anos Finais;6º Ano;EF06CO06;Comparar diferentes casos particulares (instâncias) de um mesmo problema, identificando as semelhanças e diferenças entre eles, e criar um algoritmo para resolver todos, fazendo uso de variáveis (parâmetros) para permitir o tratamento de todos os casos de forma genérica.
Ensino Fundamental - Anos Finais;6º Ano;EF06CO07;Entender o processo de transmissão de dados, como a informação é quebrada em pedaços, transmitida em pacotes através de múltiplos equipamentos, e reconstruída no destino.
Ensino Fundamental - Anos Finais;6º Ano;EF06CO08;Compreender e utilizar diferentes formas de armazenar, manipular, compactar e recuperar arquivos, documentos e metadados.
Ensino Fundamental - Anos Finais;6º Ano;EF06CO09;Apresentar conduta e linguagem apropriadas ao se comunicar em ambiente digital, considerando a ética e o respeito.
Ensino Fundamental - Anos Finais;6º Ano;EF06CO10;Analisar o consumo de tecnologia na sociedade, compreendendo criticamente o caminho da produção dos recursos bem como aspectos ligados à obsolescência e à sustentabilidade.
Ensino Fundamental - Anos Finais;7º Ano;EF07CO01;Criar soluções de problemas para os quais seja adequado o uso de registros e matrizes unidimensionais para descrever suas informações e automatizá-las usando uma linguagem de programação.
Ensino Fundamental - Anos Finais;7º Ano;EF07CO02;Analisar programas para detectar e remover erros, ampliando a confiança na sua correção.
Ensino Fundamental - Anos Finais;7º Ano;EF07CO03;Construir soluções computacionais de problemas de diferentes áreas do conhecimento, de forma individual e colaborativa, selecionando as estruturas de dados e técnicas adequadas, aperfeiçoando e articulando saberes escolares.
Ensino Fundamental - Anos Finais;7º Ano;EF07CO04;Explorar propriedades básicas de grafos.
Ensino Fundamental - Anos Finais;7º Ano;EF07CO05;Criar algoritmos fazendo uso da decomposição e do reuso no processo de solução de forma colaborativa e cooperativa e automatizá-los usando uma linguagem de programação.
Ensino Fundamental - Anos Finais;7º Ano;EF07CO06;Compreender o papel de protocolos para a transmissão de dados.
Ensino Fundamental - Anos Finais;7º Ano;EF07CO07;Identificar problemas de segurança cibernética e experimentar formas de proteção.
Ensino Fundamental - Anos Finais;7º Ano;EF07CO08;Demonstrar empatia sobre opiniões divergentes na web.
Ensino Fundamental - Anos Finais;7º Ano;EF07CO09;Reconhecer e debater sobre cyberbullying.
Ensino Fundamental - Anos Finais;7º Ano;EF07CO10;Identificar os impactos ambientais do descarte de peças de computadores e eletrônicos, bem como sua relação com a sustentabilidade.
Ensino Fundamental - Anos Finais;7º Ano;EF07CO11;Criar, documentar e publicar, de forma individual ou colaborativa, produtos (vídeos, podcasts, web sites) usando recursos de tecnologia.
Ensino Fundamental - Anos Finais;8º Ano;EF08CO01;Construir soluções de problemas usando a técnica de recursão e automatizar tais soluções usando uma linguagem de programação.
Ensino Fundamental - Anos Finais;8º Ano;EF08CO02;Criar soluções de problemas para os quais seja adequado o uso de listas para descrever suas informações e automatizá-las usando uma linguagem de programação, empregando ou não a recursão como uma técnica de resolver o problema.
Ensino Fundamental - Anos Finais;8º Ano;EF08CO03;Utilizar algoritmos clássicos de manipulação sobre listas.
Ensino Fundamental - Anos Finais;8º Ano;EF08CO04;Construir soluções computacionais de problemas de diferentes áreas do conhecimento, de forma individual e colaborativa, selecionando as estruturas de dados e técnicas adequadas, aperfeiçoando e articulando saberes escolares.
Ensino Fundamental - Anos Finais;8º Ano;EF08CO05;Compreender os conceitos de paralelismo, concorrência e armazenamento/processamento distribuídos.
Ensino Fundamental - Anos Finais;8º Ano;EF08CO06;Entender como é a estrutura e funcionamento da internet.
Ensino Fundamental - Anos Finais;8º Ano;EF08CO07;Compartilhar informações por meio de redes sociais, compreendendo a sua dinâmica de funcionamento, de forma responsável e avaliando sua confiabilidade, considerando o respeito e a ética.
Ensino Fundamental - Anos Finais;8º Ano;EF08CO08;Distinguir os tipos de dados pessoais que são solicitados em espaços digitais e os riscos associados.
Ensino Fundamental - Anos Finais;8º Ano;EF08CO09;Analisar criticamente as políticas de termos de uso das redes sociais e demais plataformas.
Ensino Fundamental - Anos Finais;8º Ano;EF08CO10;Discutir questões sobre segurança e privacidade relacionadas ao uso dos ambientes virtuais.
Ensino Fundamental - Anos Finais;8º Ano;EF08CO11;Avaliar a precisão, relevância, adequação, abrangência e vieses que ocorrem em fontes de informação eletrônica.
Ensino Fundamental - Anos Finais;9º Ano;EF09CO01;Criar soluções de problemas para os quais seja adequado o uso de árvores e grafos para descrever suas informações e automatizá-las usando uma linguagem de programação.
Ensino Fundamental - Anos Finais;9º Ano;EF09CO02;Construir soluções computacionais de problemas de diferentes áreas do conhecimento, de forma individual e colaborativa, selecionando as estruturas de dados e técnicas adequadas, aperfeiçoando e articulando saberes escolares.
Ensino Fundamental - Anos Finais;9º Ano;EF09CO03;Usar autômatos para descrever comportamentos de forma abstrata automatizando-os através de uma linguagem de programação baseada em eventos.
Ensino Fundamental - Anos Finais;9º Ano;EF09CO04;Compreender o funcionamento de malwares e outros ataques cibernéticos.
Ensino Fundamental - Anos Finais;9º Ano;EF09CO05;Analisar técnicas de criptografia para armazenamento e transmissão de dados.
Ensino Fundamental - Anos Finais;9º Ano;EF09CO06;Analisar problemas sociais de sua cidade e estado a partir de ambientes digitais, propondo soluções.
Ensino Fundamental - Anos Finais;9º Ano;EF09CO07;Avaliar aplicações e implicações políticas, socioambientais e culturais das tecnologias digitais para propor alternativas aos desafios do mundo contemporâneo, incluindo aqueles relativos ao mundo do trabalho.
Ensino Fundamental - Anos Finais;9º Ano;EF09CO08;Discutir como a distribuição desigual de recursos de computação em uma economia global levanta questões de equidade, acesso e poder.
Ensino Fundamental - Anos Finais;9º Ano;EF09CO09;Criar ou utilizar conteúdo em meio digital, compreendendo questões éticas relacionadas a direitos autorais e de uso de imagem.
Ensino Fundamental - Anos Finais;9º Ano;EF09CO10;Avaliar a veracidade, credibilidade e relevância da informação em seus diferentes formatos, sendo capaz de identificar o propósito pelo qual foi disseminada.
Ensino Médio;;EM13CO01;Explorar e construir a solução de problemas por meio da reutilização de partes de soluções existentes.
Ensino Médio;;EM13CO02;Explorar e construir a solução de problemas por meio de refinamentos, utilizando diversos níveis de abstração desde a especificação até a implementação.
Ensino Médio;;EM13CO03;Identificar o comportamento dos algoritmos no que diz respeito ao consumo de recursos como tempo de execução, espaço de memória e energia, entre outros.
Ensino Médio;;EM13CO04;Reconhecer o conceito de metaprogramação como uma forma de generalização na construção de programas, permitindo que algoritmos sejam entrada ou saída para outros algoritmos.
Ensino Médio;;EM13CO05;Identificar os limites da Computação para diferenciar o que pode ou não ser automatizado, buscando uma compreensão mais ampla dos limites dos processos mentais envolvidos na resolução de problemas.
Ensino Médio;;EM13CO06;Avaliar software levando em consideração diferentes características e métricas associadas.
Ensino Médio;;EM13CO07;Compreender as diferentes tecnologias, bem como equipamentos, protocolos e serviços envolvidos no funcionamento de redes de computadores, identificando suas possibilidades de escala e confiabilidade.
Ensino Médio;;EM13CO08;Entender como mudanças na tecnologia afetam a segurança, incluindo novas maneiras de preservar sua privacidade e dados pessoais on-line, reportando suspeitas e buscando ajuda em situações de risco.
Ensino Médio;;EM13CO09;Identificar tecnologias digitais, sua presença e formas de uso, nas diferentes atividades no mundo do trabalho.
Ensino Médio;;EM13CO10;Conhecer os fundamentos da Inteligência Artificial, comparando-a com a inteligência humana, analisando suas potencialidades, riscos e limites.
Ensino Médio;;EM13CO11;Criar e explorar modelos computacionais simples para simular e fazer previsões, identificando sua importância no desenvolvimento científico.
Ensino Médio;;EM13CO12;Produzir, analisar, gerir e compartilhar informações a partir de dados, utilizando princípios de ciência de dados.
Ensino Médio;;EM13CO13;Analisar e utilizar as diferentes formas de representação e consulta a dados em formato digital para pesquisas científicas.
Ensino Médio;;EM13CO14;Avaliar a confiabilidade das informações encontradas em meio digital, investigando seus modos de construção e considerando a autoria, a estrutura e o propósito da mensagem.
Ensino Médio;;EM13CO15;Analisar a interação entre usuários e artefatos computacionais, abordando aspectos da experiência do usuário e promovendo reflexão sobre a qualidade do uso dos artefatos nas esferas do trabalho, do lazer e do estudo.
Ensino Médio;;EM13CO16;Desenvolver projetos com robótica, utilizando artefatos físicos ou simuladores.
Ensino Médio;;EM13CO17;Construir redes virtuais de interação e colaboração, favorecendo o desenvolvimento de projetos de forma segura, legal e ética.
Ensino Médio;;EM13CO18;Planejar e gerenciar projetos integrados às áreas de conhecimento de forma colaborativa, solucionando problemas, usando diversos artefatos computacionais.
Ensino Médio;;EM13CO19;Expor, argumentar e negociar propostas, produtos e serviços, utilizando diferentes mídias e ferramentas digitais.
Ensino Médio;;EM13CO20;Criar conteúdos, disponibilizando-os em ambientes virtuais para publicação e compartilhamento, avaliando a confiabilidade e as consequências da disseminação dessas informações.
Ensino Médio;;EM13CO21;Comunicar ideias complexas de forma clara por meio de objetos digitais como mapas conceituais, infográficos, hipertextos e outros.
Ensino Médio;;EM13CO22;Produzir e publicar conteúdo como textos, imagens, áudios, vídeos e suas associações, bem como ferramentas para sua integração, organização e apresentação, utilizando diferentes mídias digitais.
Ensino Médio;;EM13CO23;Analisar criticamente as experiências em comunidades virtuais e as relações advindas da interação e comunicação com outras pessoas, bem como seus impactos na sociedade.
Ensino Médio;;EM13CO24;Identificar e reconhecer como as redes sociais e artefatos computacionais em geral interferem na saúde física e mental de seus usuários.
Ensino Médio;;EM13CO25;Dialogar em ambientes virtuais com segurança e respeito às diferenças culturais e pessoais, reconhecendo e denunciando atitudes abusivas.
Ensino Médio;;EM13CO26;Aplicar os conceitos e pressupostos do direito digital em sua conduta e experiências com o cotidiano da cultura digital, bem como na produção e uso de artefatos computacionais.
