ObjetivoGeral;ObjetivoEspecifico
Aplicar métodos investigativos e analíticos na compreensão crítica dos processos de produção, circulação e recepção das diversas formas de linguagem (verbal, visual, corporal, multimodal e digital), reconhecendo-as como fenômenos socio-histórico-culturais e político-econômicos, mobilizando conhecimentos interdisciplinares para avaliar e utilizar os discursos e as práticas sociais da linguagem, promovendo autonomia na produção e interpretação de sentidos para a na democratização dos saberes, demonstrando a capacidade de:;"Analisar criticamente os processos de produção, circulação e recepção das diversas formas de linguagem (verbal, visual, corporal, multimodal e digital), avaliando seus impactos sociais, políticos e culturais nos diferentes campos de atuação, com foco na equidade, na justiça social e na democratização do saber;"
Aplicar métodos investigativos e analíticos na compreensão crítica dos processos de produção, circulação e recepção das diversas formas de linguagem (verbal, visual, corporal, multimodal e digital), reconhecendo-as como fenômenos socio-histórico-culturais e político-econômicos, mobilizando conhecimentos interdisciplinares para avaliar e utilizar os discursos e as práticas sociais da linguagem, promovendo autonomia na produção e interpretação de sentidos para a na democratização dos saberes, demonstrando a capacidade de:;"Examinar criticamente conteúdos digitais e midiáticos, mobilizando abordagens científicas e investigativas para avaliar aspectos de privacidade, representatividade e os impactos das redes sociais na construção da identidade e das relações interpessoais, bem como seu papel no enfrentamento da desinformação e das Fake News;"
Aplicar métodos investigativos e analíticos na compreensão crítica dos processos de produção, circulação e recepção das diversas formas de linguagem (verbal, visual, corporal, multimodal e digital), reconhecendo-as como fenômenos socio-histórico-culturais e político-econômicos, mobilizando conhecimentos interdisciplinares para avaliar e utilizar os discursos e as práticas sociais da linguagem, promovendo autonomia na produção e interpretação de sentidos para a na democratização dos saberes, demonstrando a capacidade de:;"Investigar discursos midiáticos, científicos, literários e artísticos, considerando suas intencionalidades, modos de construção e circulação, identificando mecanismos de persuasão, estratégias argumentativas e representações sociais, na promoção de uma leitura crítica da realidade;"
Aplicar métodos investigativos e analíticos na compreensão crítica dos processos de produção, circulação e recepção das diversas formas de linguagem (verbal, visual, corporal, multimodal e digital), reconhecendo-as como fenômenos socio-histórico-culturais e político-econômicos, mobilizando conhecimentos interdisciplinares para avaliar e utilizar os discursos e as práticas sociais da linguagem, promovendo autonomia na produção e interpretação de sentidos para a na democratização dos saberes, demonstrando a capacidade de:;Elaborar produções textuais e multimodais em diferentes gêneros e suportes, utilizando métodos investigativos e analíticos para articular conhecimentos interdisciplinares, valorizando a diversidade cultural, a acessibilidade e a transformação social nos territórios.
Desenvolver o senso estético ampliando o repertório cultural para reconhecer, valorizar e fruir manifestações artísticas, discursivas e culturais como expressões identitárias e históricas nos campos artístico-literário e midiático, analisando criticamente suas relações com os contextos sociais e evidenciando as contribuições de grupos historicamente marginalizados na construção de performances narrativas e das artes, promovendo a diversidade, a equidade e os Direitos Humanos na produção, circulação e recepção de discursos e práticas culturais, demonstrando a capacidade de:;"Analisar criticamente manifestações artísticas, discursivas e culturais como expressões identitárias e históricas, considerando seus contextos de produção, circulação e recepção e evidenciando as contribuições de grupos historicamente marginalizados na construção do conhecimento e das artes;"
Desenvolver o senso estético ampliando o repertório cultural para reconhecer, valorizar e fruir manifestações artísticas, discursivas e culturais como expressões identitárias e históricas nos campos artístico-literário e midiático, analisando criticamente suas relações com os contextos sociais e evidenciando as contribuições de grupos historicamente marginalizados na construção de performances narrativas e das artes, promovendo a diversidade, a equidade e os Direitos Humanos na produção, circulação e recepção de discursos e práticas culturais, demonstrando a capacidade de:;"Criar produções artísticas e culturais a partir de diferentes linguagens e suportes, mobilizando referências estéticas, históricas e identitárias na promoção de equidade, justiça social e valorização da diversidade cultural e dos Direitos Humanos;"
Desenvolver o senso estético ampliando o repertório cultural para reconhecer, valorizar e fruir manifestações artísticas, discursivas e culturais como expressões identitárias e históricas nos campos artístico-literário e midiático, analisando criticamente suas relações com os contextos sociais e evidenciando as contribuições de grupos historicamente marginalizados na construção de performances narrativas e das artes, promovendo a diversidade, a equidade e os Direitos Humanos na produção, circulação e recepção de discursos e práticas culturais, demonstrando a capacidade de:;Relacionar discursos artísticos e culturais regionais e globais, articulando conhecimentos interdisciplinares e valores ancestrais para compreender suas funções sociais e propor narrativas que favoreçam a inclusão e o respeito às múltiplas identidades.
Utilizar, de maneira autônoma, ética e responsável, as diferentes linguagens (artísticas, corporais, verbais, multimodais e digitais) como instrumentos de mediação e intervenção social mobilizando conhecimentos sobre práticas discursivas e linguísticas para promover o diálogo intercultural, a justiça social e os Direitos Humanos e para fortalecer a participação cidadã, demonstrando a capacidade de:;"Produzir textos orais, escritos e multimodais em diferentes contextos sociais, mobilizando conhecimentos linguísticos e discursivos para analisar criticamente desigualdades históricas e estruturais, promover o diálogo intercultural e fortalecer a participação cidadã;"
Utilizar, de maneira autônoma, ética e responsável, as diferentes linguagens (artísticas, corporais, verbais, multimodais e digitais) como instrumentos de mediação e intervenção social mobilizando conhecimentos sobre práticas discursivas e linguísticas para promover o diálogo intercultural, a justiça social e os Direitos Humanos e para fortalecer a participação cidadã, demonstrando a capacidade de:;"Empregar estratégias argumentativas e discursivas em debates, mediações e produções textuais, utilizando diferentes linguagens (artísticas, corporais, verbais, multimodais e digitais) para propor intervenções sociais e culturais voltadas à equidade, à justiça social e à defesa dos Direitos Humanos;"
Utilizar, de maneira autônoma, ética e responsável, as diferentes linguagens (artísticas, corporais, verbais, multimodais e digitais) como instrumentos de mediação e intervenção social mobilizando conhecimentos sobre práticas discursivas e linguísticas para promover o diálogo intercultural, a justiça social e os Direitos Humanos e para fortalecer a participação cidadã, demonstrando a capacidade de:;"Desenvolver produções artísticas e culturais, como performances, vídeos, jogos e produções multimodais, articuladas às identidades e pluralidades dos territórios, ampliando o repertório cultural e promovendo a mediação sociocultural para contribuir com a transformação social;"
Utilizar, de maneira autônoma, ética e responsável, as diferentes linguagens (artísticas, corporais, verbais, multimodais e digitais) como instrumentos de mediação e intervenção social mobilizando conhecimentos sobre práticas discursivas e linguísticas para promover o diálogo intercultural, a justiça social e os Direitos Humanos e para fortalecer a participação cidadã, demonstrando a capacidade de:;Avaliar produções linguísticas e artísticas em diversos suportes, identificando suas implicações culturais, políticas e ideológicas, promovendo reflexões sobre inclusão, diversidade e resolução colaborativa de conflitos em contextos locais e globais.
Reconhecer as manifestações da cultura corporal de movimento e os sentidos e significados do corpo humano e das práticas corporais na área de Linguagens e suas Tecnologias nos campos da vida pessoal e da vida pública, compreendendo-as como expressões culturais e identitárias, mobilizando conhecimentos interdisciplinares e recursos tecnológicos, promovendo inclusão social, sustentabilidade e convivência democrática, demonstrando a capacidade de:;"Participar de práticas corporais como manifestações culturais e identitárias, compreendendo seus significados sociais, históricos e políticos, e avaliando seu impacto na promoção da inclusão, da diversidade e da convivência democrática;"
Reconhecer as manifestações da cultura corporal de movimento e os sentidos e significados do corpo humano e das práticas corporais na área de Linguagens e suas Tecnologias nos campos da vida pessoal e da vida pública, compreendendo-as como expressões culturais e identitárias, mobilizando conhecimentos interdisciplinares e recursos tecnológicos, promovendo inclusão social, sustentabilidade e convivência democrática, demonstrando a capacidade de:;"Explorar práticas corporais e intervenções artísticas que integrem múltiplas linguagens (corporais, visuais, digitais e performáticas), mobilizando conhecimentos interdisciplinares e recursos tecnológicos para promover mediação sociocultural, saúde e bem-estar campos da vida pessoal e da vida pública;"
Reconhecer as manifestações da cultura corporal de movimento e os sentidos e significados do corpo humano e das práticas corporais na área de Linguagens e suas Tecnologias nos campos da vida pessoal e da vida pública, compreendendo-as como expressões culturais e identitárias, mobilizando conhecimentos interdisciplinares e recursos tecnológicos, promovendo inclusão social, sustentabilidade e convivência democrática, demonstrando a capacidade de:;Aplicar conhecimentos teórico-práticos sobre atividade física, práticas meditativas, exercício e cultura do movimento na proposição de soluções para desafios relacionados a promoção da saúde e bem-estar individual e coletivo.
Mobilizar práticas de linguagem, apropriando-se das Tecnologias Digitais de Informação e Comunicação - TDICs para ampliar as formas de comunicação, produção e compartilhamento de conhecimentos, promovendo produções autorais que articulem criatividade, estética, responsabilidade social e inovação tecnológica, promovendo a democratização do saber, a participação cidadã e a fruição de bens culturais materiais e imateriais, demonstrando a capacidade de:;"Reconhecer as relações entre linguagem, tecnologia e cultura, analisando como diferentes mídias e plataformas digitais influenciam os processos de comunicação e criação no mundo contemporâneo;"
Mobilizar práticas de linguagem, apropriando-se das Tecnologias Digitais de Informação e Comunicação - TDICs para ampliar as formas de comunicação, produção e compartilhamento de conhecimentos, promovendo produções autorais que articulem criatividade, estética, responsabilidade social e inovação tecnológica, promovendo a democratização do saber, a participação cidadã e a fruição de bens culturais materiais e imateriais, demonstrando a capacidade de:;Analisar criticamente o impacto das TDICs na produção, circulação e recepção de informações, avaliando sua influência na construção do conhecimento, nas práticas sociais e no enfrentamento da desinformação. ões, av
Mobilizar práticas de linguagem, apropriando-se das Tecnologias Digitais de Informação e Comunicação - TDICs para ampliar as formas de comunicação, produção e compartilhamento de conhecimentos, promovendo produções autorais que articulem criatividade, estética, responsabilidade social e inovação tecnológica, promovendo a democratização do saber, a participação cidadã e a fruição de bens culturais materiais e imateriais, demonstrando a capacidade de:;Explorar as tecnologias emergentes, como inteligência artificial e narrativas digitais e participar da criação de experiências interativas e na experimentação de novas formas de expressão e produção cultural, promovendo a democratização do acesso aos bens culturais e à informação.
Aplicar estratégias de comunicação nos campos da vida pessoal, das práticas de estudo e pesquisa e da vida pública para mobilizar conhecimentos linguísticos, discursivos e culturais, articulando autoconhecimento e consciência política e intercultural nas relações sociais e de trabalho, promovendo o diálogo, a inclusão e a valorização da diversidade linguística e cultural, demonstrando a capacidade de:;Participar de situações comunicativas em contextos formais e informais utilizando a língua estrangeira ou a língua originária, mobilizando conhecimentos linguísticos, discursivos e culturais para promover o diálogo, a inclusão e a valorização da diversidade sociocultural
Aplicar estratégias de comunicação nos campos da vida pessoal, das práticas de estudo e pesquisa e da vida pública para mobilizar conhecimentos linguísticos, discursivos e culturais, articulando autoconhecimento e consciência política e intercultural nas relações sociais e de trabalho, promovendo o diálogo, a inclusão e a valorização da diversidade linguística e cultural, demonstrando a capacidade de:;"Explorar práticas culturais, valores e tradições associadas à(s) língua(s) estrangeira(s), analisando suas conexões com a própria cultura e sua relevância na mediação sociocultural e no fortalecimento do diálogo intercultural;"
Aplicar estratégias de comunicação nos campos da vida pessoal, das práticas de estudo e pesquisa e da vida pública para mobilizar conhecimentos linguísticos, discursivos e culturais, articulando autoconhecimento e consciência política e intercultural nas relações sociais e de trabalho, promovendo o diálogo, a inclusão e a valorização da diversidade linguística e cultural, demonstrando a capacidade de:;"Participar da produção de conteúdos orais, escritos e multimodais em língua estrangeira e/ou materna, aplicando estratégias de comunicação eficazes para debater temas globais e locais, como Direitos Humanos, justiça social e diversidade, promovendo a consciência política e o engajamento cidadão;"
Aplicar estratégias de comunicação nos campos da vida pessoal, das práticas de estudo e pesquisa e da vida pública para mobilizar conhecimentos linguísticos, discursivos e culturais, articulando autoconhecimento e consciência política e intercultural nas relações sociais e de trabalho, promovendo o diálogo, a inclusão e a valorização da diversidade linguística e cultural, demonstrando a capacidade de:;Empregar estratégias de comunicação em diferentes contextos socioprofissionais, utilizando a língua estrangeira e língua materna para interagir de forma ética e adequada, compreendendo normas discursivas, variações linguísticas e aspectos interculturais que se manifestam língua estrangeira e língua materna para interagir de forma ética e adequada, compreendendo nas relações de trabalho em contextos local, regional, nacional e global.
